[
  {
    "id": "693ec427-e0bc-443a-9392-89618e6a1c1a",
    "data": [
      {
        "text": "Go Back",
        "userDefined": false
      }
    ],
    "isTemplate": false,
    "count": 0,
    "lang": "en",
    "updated": 0
  },
  {
    "id": "a96349b4-68ee-47c7-969b-035e99ca190c",
    "data": [
      {
        "text": "Main Menu",
        "userDefined": false
      }
    ],
    "isTemplate": false,
    "count": 0,
    "lang": "en",
    "updated": 0
  },
  {
    "id": "b1da78e6-6c96-4c55-b1b7-ad7adbb21911",
    "data": [
      {
        "text": "Explore More",
        "userDefined": false
      }
    ],
    "isTemplate": false,
    "count": 0,
    "lang": "en",
    "updated": 0
  }
]