[
  {
    "id": "ff291f34-7d47-42a4-a0a2-43abf3a06573",
    "data": [
      {
        "text": "I want to book the table",
        "userDefined": false
      }
    ],
    "isTemplate": false,
    "count": 0,
    "lang": "en",
    "updated": 0
  },
  {
    "id": "d3d4457a-a9b0-4f05-921d-9f3b5afb1842",
    "data": [
      {
        "text": "My phone number is ",
        "userDefined": false
      },
      {
        "text": "+923453191638",
        "meta": "@sys.phone-number",
        "alias": "phone-number",
        "userDefined": false
      }
    ],
    "isTemplate": false,
    "count": 0,
    "lang": "en",
    "updated": 0
  },
  {
    "id": "a6f9f44c-e2a0-4a97-84b1-c12b083657f9",
    "data": [
      {
        "text": "My name is ",
        "userDefined": false
      },
      {
        "text": "john",
        "meta": "@sys.given-name",
        "alias": "given-name",
        "userDefined": true
      },
      {
        "text": " and my email address is ",
        "userDefined": false
      },
      {
        "text": "hammad@gmail.com",
        "meta": "@sys.email",
        "alias": "email",
        "userDefined": true
      }
    ],
    "isTemplate": false,
    "count": 0,
    "lang": "en",
    "updated": 0
  },
  {
    "id": "305d0df9-e805-4895-9d14-b9910ff4bf0f",
    "data": [
      {
        "text": "My name is ",
        "userDefined": false
      },
      {
        "text": "Hammad sheik",
        "meta": "@sys.given-name",
        "alias": "given-name",
        "userDefined": false
      }
    ],
    "isTemplate": false,
    "count": 0,
    "lang": "en",
    "updated": 0
  },
  {
    "id": "ba0fe340-6cd7-4e1d-92fa-0a643fb425e1",
    "data": [
      {
        "text": "can I book a table on ",
        "userDefined": false
      },
      {
        "text": "Saturday",
        "meta": "@sys.date",
        "alias": "date",
        "userDefined": false
      },
      {
        "text": " in the ",
        "userDefined": false
      },
      {
        "text": "morning",
        "userDefined": false
      },
      {
        "text": " at ",
        "userDefined": false
      },
      {
        "text": "10",
        "meta": "@sys.time",
        "alias": "time",
        "userDefined": false
      },
      {
        "text": "?",
        "userDefined": false
      }
    ],
    "isTemplate": false,
    "count": 0,
    "lang": "en",
    "updated": 0
  },
  {
    "id": "21377d03-0184-4495-bf24-3dcf33d2a0aa",
    "data": [
      {
        "text": "book a table ",
        "userDefined": false
      },
      {
        "text": "tomorrow",
        "userDefined": false
      },
      {
        "text": " at ",
        "userDefined": false
      },
      {
        "text": "10 in this morning",
        "meta": "@sys.time",
        "alias": "time",
        "userDefined": false
      }
    ],
    "isTemplate": false,
    "count": 0,
    "lang": "en",
    "updated": 0
  },
  {
    "id": "75e67394-21bd-4f6c-81c0-5e5f5244ff8a",
    "data": [
      {
        "text": "can I book a table on ",
        "userDefined": false
      },
      {
        "text": "Monday",
        "userDefined": false
      },
      {
        "text": " at ",
        "userDefined": false
      },
      {
        "text": "10",
        "meta": "@sys.time",
        "alias": "time",
        "userDefined": false
      },
      {
        "text": " Pm for ",
        "userDefined": false
      },
      {
        "text": "5",
        "meta": "@sys.number",
        "alias": "guest",
        "userDefined": true
      },
      {
        "text": " Guests?",
        "userDefined": false
      }
    ],
    "isTemplate": false,
    "count": 0,
    "lang": "en",
    "updated": 0
  },
  {
    "id": "377af28c-a9e9-4061-81ac-b938f8f09181",
    "data": [
      {
        "text": "can I book a table this ",
        "userDefined": false
      },
      {
        "text": "Friday",
        "userDefined": true
      },
      {
        "text": " at ",
        "userDefined": false
      },
      {
        "text": "7 PM",
        "meta": "@sys.time",
        "alias": "time",
        "userDefined": true
      }
    ],
    "isTemplate": false,
    "count": 0,
    "lang": "en",
    "updated": 0
  }
]