[
  {
    "id": "d3d59bf6-ab31-43fa-ade4-56b281e856b8",
    "data": [
      {
        "text": "Show me deals",
        "userDefined": false
      }
    ],
    "isTemplate": false,
    "count": 0,
    "lang": "en",
    "updated": 0
  },
  {
    "id": "126b7b4c-75b5-4936-a8d9-cf2b32091164",
    "data": [
      {
        "text": "Any food deals?",
        "userDefined": false
      }
    ],
    "isTemplate": false,
    "count": 0,
    "lang": "en",
    "updated": 0
  },
  {
    "id": "13918d60-7c18-4779-a358-06ab760f9bff",
    "data": [
      {
        "text": "deals?",
        "userDefined": false
      }
    ],
    "isTemplate": false,
    "count": 0,
    "lang": "en",
    "updated": 0
  },
  {
    "id": "c99b4081-e9b0-47d4-bcf3-8d42e00e4e36",
    "data": [
      {
        "text": "any deals you offer?",
        "userDefined": false
      }
    ],
    "isTemplate": false,
    "count": 0,
    "lang": "en",
    "updated": 0
  },
  {
    "id": "7bb87a40-7c99-4dea-8358-2fc85c66ac22",
    "data": [
      {
        "text": "Any deals are available?",
        "userDefined": false
      }
    ],
    "isTemplate": false,
    "count": 0,
    "lang": "en",
    "updated": 0
  }
]