[
  {
    "id": "edbdde7a-567d-4273-a21e-2b1f913a149b",
    "data": [
      {
        "text": "I need ",
        "userDefined": false
      },
      {
        "text": "burger",
        "meta": "@food",
        "alias": "food",
        "userDefined": true
      },
      {
        "text": " ",
        "userDefined": false
      },
      {
        "text": "today",
        "meta": "@sys.date-time",
        "alias": "date-time",
        "userDefined": false
      }
    ],
    "isTemplate": false,
    "count": 0,
    "lang": "en",
    "updated": 0
  },
  {
    "id": "cc55cdfa-5740-41f0-8ffe-151ca9f39217",
    "data": [
      {
        "text": "I need ",
        "userDefined": false
      },
      {
        "text": "large",
        "meta": "@sys.unit-length-name",
        "alias": "unit-length-name",
        "userDefined": true
      },
      {
        "text": " pizza",
        "userDefined": false
      }
    ],
    "isTemplate": false,
    "count": 0,
    "lang": "en",
    "updated": 0
  },
  {
    "id": "565f6e8e-636b-4653-8246-89838a8ca74c",
    "data": [
      {
        "text": "I need ",
        "userDefined": false
      },
      {
        "text": "pizza",
        "meta": "@food",
        "alias": "food",
        "userDefined": true
      }
    ],
    "isTemplate": false,
    "count": 0,
    "lang": "en",
    "updated": 0
  },
  {
    "id": "d3b80e65-5102-40b6-961c-05a7ba1510b8",
    "data": [
      {
        "text": "I want to order something?",
        "meta": "@sys.any",
        "alias": "any",
        "userDefined": true
      }
    ],
    "isTemplate": false,
    "count": 0,
    "lang": "en",
    "updated": 0
  },
  {
    "id": "b78c8832-d252-4236-872d-1a9025aef336",
    "data": [
      {
        "text": "Can I place the order?",
        "meta": "@sys.any",
        "alias": "any",
        "userDefined": true
      }
    ],
    "isTemplate": false,
    "count": 0,
    "lang": "en",
    "updated": 0
  }
]