[
  {
    "id": "d6187d2d-16b8-4993-b108-6735d9b18a39",
    "data": [
      {
        "text": "Special food",
        "userDefined": false
      }
    ],
    "isTemplate": false,
    "count": 0,
    "lang": "en",
    "updated": 0
  },
  {
    "id": "b073e648-32be-47e7-ba91-cac7d11736ba",
    "data": [
      {
        "text": "Any ",
        "userDefined": false
      },
      {
        "text": "Today",
        "userDefined": false
      },
      {
        "text": "\u0027s deals?",
        "userDefined": false
      }
    ],
    "isTemplate": false,
    "count": 0,
    "lang": "en",
    "updated": 0
  },
  {
    "id": "c5c222d9-949f-4055-adfd-8f81d520509a",
    "data": [
      {
        "text": "Any Special deals?",
        "userDefined": false
      }
    ],
    "isTemplate": false,
    "count": 0,
    "lang": "en",
    "updated": 0
  }
]